{"bitcoin":0.05086186,"dash":0.12556303,"monero":0.243,"ethereum":0.1}